"id","name","age","status"
1,"User 1",2,NULL
2,"User 2",3,NULL
3,"User 3",4,NULL
4,"User 4",5,NULL
5,"User 5",6,NULL
6,"User 6",7,NULL
7,"User 7",8,NULL
8,"User 8",9,NULL
9,"User 9",10,NULL
10,"User 10",11,NULL
11,"User 11",12,NULL
12,"User 12",13,NULL
13,"User 13",14,NULL
14,"User 14",15,NULL
15,"User 15",16,NULL
16,"User 16",17,NULL
17,"User 17",18,NULL
18,"User 18",19,NULL
19,"User 19",20,NULL
20,"User 20",21,NULL
21,"User 21",22,NULL
22,"User 22",23,NULL
23,"User 23",24,NULL
24,"User 24",25,NULL
25,"User 25",26,NULL
26,"User 26",27,NULL
27,"User 27",28,NULL
28,"User 28",29,NULL
29,"User 29",30,NULL
30,"User 30",31,NULL
31,"User 31",32,NULL
32,"User 32",33,NULL
33,"User 33",34,NULL
34,"User 34",35,NULL
35,"User 35",36,NULL
36,"User 36",37,NULL
37,"User 37",38,NULL
38,"User 38",39,NULL
39,"User 39",40,NULL
40,"User 40",41,NULL
41,"User 41",42,NULL
42,"User 42",43,NULL
43,"User 43",44,NULL
44,"User 44",45,NULL
45,"User 45",46,NULL
46,"User 46",47,NULL
47,"User 47",48,NULL
48,"User 48",49,NULL
49,"User 49",50,NULL
50,"User 50",51,NULL
51,"User 51",52,NULL
52,"User 52",53,NULL
53,"User 53",54,NULL
54,"User 54",55,NULL
55,"User 55",56,NULL
56,"User 56",57,NULL
57,"User 57",58,NULL
58,"User 58",59,NULL
59,"User 59",60,NULL
60,"User 60",61,NULL
61,"User 61",62,NULL
62,"User 62",63,NULL
63,"User 63",64,NULL
64,"User 64",65,NULL
65,"User 65",66,NULL
66,"User 66",67,NULL
67,"User 67",68,NULL
68,"User 68",69,NULL
69,"User 69",70,NULL
70,"User 70",71,NULL
71,"User 71",72,NULL
72,"User 72",73,NULL
73,"User 73",74,NULL
74,"User 74",75,NULL
75,"User 75",76,NULL
76,"User 76",77,NULL
77,"User 77",78,NULL
78,"User 78",79,NULL
79,"User 79",1,NULL
80,"User 80",2,NULL
81,"User 81",3,NULL
82,"User 82",4,NULL
83,"User 83",5,NULL
84,"User 84",6,NULL
85,"User 85",7,NULL
86,"User 86",8,NULL
87,"User 87",9,NULL
88,"User 88",10,NULL
89,"User 89",11,NULL
90,"User 90",12,NULL
91,"User 91",13,NULL
92,"User 92",14,NULL
93,"User 93",15,NULL
94,"User 94",16,NULL
95,"User 95",17,NULL
96,"User 96",18,NULL
97,"User 97",19,NULL
98,"User 98",20,NULL
99,"User 99",21,NULL
100,"User 100",22,NULL
101,"User 101",23,NULL
102,"User 102",24,NULL
103,"User 103",25,NULL
104,"User 104",26,NULL
105,"User 105",27,NULL
106,"User 106",28,NULL
107,"User 107",29,NULL
108,"User 108",30,NULL
109,"User 109",31,NULL
110,"User 110",32,NULL
111,"User 111",33,NULL
112,"User 112",34,NULL
113,"User 113",35,NULL
114,"User 114",36,NULL
115,"User 115",37,NULL
116,"User 116",38,NULL
117,"User 117",39,NULL
118,"User 118",40,NULL
119,"User 119",41,NULL
120,"User 120",42,NULL
121,"User 121",43,NULL
122,"User 122",44,NULL
123,"User 123",45,NULL
124,"User 124",46,NULL
125,"User 125",47,NULL
126,"User 126",48,NULL
127,"User 127",49,NULL
128,"User 128",50,NULL
129,"User 129",51,NULL
130,"User 130",52,NULL
131,"User 131",53,NULL
132,"User 132",54,NULL
133,"User 133",55,NULL
134,"User 134",56,NULL
135,"User 135",57,NULL
136,"User 136",58,NULL
137,"User 137",59,NULL
138,"User 138",60,NULL
139,"User 139",61,NULL
140,"User 140",62,NULL
141,"User 141",63,NULL
142,"User 142",64,NULL
143,"User 143",65,NULL
144,"User 144",66,NULL
145,"User 145",67,NULL
146,"User 146",68,NULL
147,"User 147",69,NULL
148,"User 148",70,NULL
149,"User 149",71,NULL
150,"User 150",72,NULL
151,"User 151",73,NULL
152,"User 152",74,NULL
153,"User 153",75,NULL
154,"User 154",76,NULL
155,"User 155",77,NULL
156,"User 156",78,NULL
157,"User 157",79,NULL
158,"User 158",1,NULL
159,"User 159",2,NULL
160,"User 160",3,NULL
161,"User 161",4,NULL
162,"User 162",5,NULL
163,"User 163",6,NULL
164,"User 164",7,NULL
165,"User 165",8,NULL
166,"User 166",9,NULL
167,"User 167",10,NULL
168,"User 168",11,NULL
169,"User 169",12,NULL
170,"User 170",13,NULL
171,"User 171",14,NULL
172,"User 172",15,NULL
173,"User 173",16,NULL
174,"User 174",17,NULL
175,"User 175",18,NULL
176,"User 176",19,NULL
177,"User 177",20,NULL
178,"User 178",21,NULL
179,"User 179",22,NULL
180,"User 180",23,NULL
181,"User 181",24,NULL
182,"User 182",25,NULL
183,"User 183",26,NULL
184,"User 184",27,NULL
185,"User 185",28,NULL
186,"User 186",29,NULL
187,"User 187",30,NULL
188,"User 188",31,NULL
189,"User 189",32,NULL
190,"User 190",33,NULL
191,"User 191",34,NULL
192,"User 192",35,NULL
193,"User 193",36,NULL
194,"User 194",37,NULL
195,"User 195",38,NULL
196,"User 196",39,NULL
197,"User 197",40,NULL
198,"User 198",41,NULL
199,"User 199",42,NULL
200,"User 200",43,NULL
201,"User 201",44,NULL
202,"User 202",45,NULL
203,"User 203",46,NULL
204,"User 204",47,NULL
205,"User 205",48,NULL
206,"User 206",49,NULL
207,"User 207",50,NULL
208,"User 208",51,NULL
209,"User 209",52,NULL
210,"User 210",53,NULL
211,"User 211",54,NULL
212,"User 212",55,NULL
213,"User 213",56,NULL
214,"User 214",57,NULL
215,"User 215",58,NULL
216,"User 216",59,NULL
217,"User 217",60,NULL
218,"User 218",61,NULL
219,"User 219",62,NULL
220,"User 220",63,NULL
221,"User 221",64,NULL
222,"User 222",65,NULL
223,"User 223",66,NULL
224,"User 224",67,NULL
225,"User 225",68,NULL
226,"User 226",69,NULL
227,"User 227",70,NULL
228,"User 228",71,NULL
229,"User 229",72,NULL
230,"User 230",73,NULL
231,"User 231",74,NULL
232,"User 232",75,NULL
233,"User 233",76,NULL
234,"User 234",77,NULL
235,"User 235",78,NULL
236,"User 236",79,NULL
237,"User 237",1,NULL
238,"User 238",2,NULL
239,"User 239",3,NULL
240,"User 240",4,NULL
241,"User 241",5,NULL
242,"User 242",6,NULL
243,"User 243",7,NULL
244,"User 244",8,NULL
245,"User 245",9,NULL
246,"User 246",10,NULL
247,"User 247",11,NULL
248,"User 248",12,NULL
249,"User 249",13,NULL
250,"User 250",14,NULL
251,"User 251",15,NULL
252,"User 252",16,NULL
253,"User 253",17,NULL
254,"User 254",18,NULL
255,"User 255",19,NULL
256,"User 256",20,NULL
257,"User 257",21,NULL
258,"User 258",22,NULL
259,"User 259",23,NULL
260,"User 260",24,NULL
261,"User 261",25,NULL
262,"User 262",26,NULL
263,"User 263",27,NULL
264,"User 264",28,NULL
265,"User 265",29,NULL
266,"User 266",30,NULL
267,"User 267",31,NULL
268,"User 268",32,NULL
269,"User 269",33,NULL
270,"User 270",34,NULL
271,"User 271",35,NULL
272,"User 272",36,NULL
273,"User 273",37,NULL
274,"User 274",38,NULL
275,"User 275",39,NULL
276,"User 276",40,NULL
277,"User 277",41,NULL
278,"User 278",42,NULL
279,"User 279",43,NULL
280,"User 280",44,NULL
281,"User 281",45,NULL
282,"User 282",46,NULL
283,"User 283",47,NULL
284,"User 284",48,NULL
285,"User 285",49,NULL
286,"User 286",50,NULL
287,"User 287",51,NULL
288,"User 288",52,NULL
289,"User 289",53,NULL
290,"User 290",54,NULL
291,"User 291",55,NULL
292,"User 292",56,NULL
293,"User 293",57,NULL
294,"User 294",58,NULL
295,"User 295",59,NULL
296,"User 296",60,NULL
297,"User 297",61,NULL
298,"User 298",62,NULL
299,"User 299",63,NULL
300,"User 300",64,NULL
301,"User 301",65,NULL
302,"User 302",66,NULL
303,"User 303",67,NULL
304,"User 304",68,NULL
305,"User 305",69,NULL
306,"User 306",70,NULL
307,"User 307",71,NULL
308,"User 308",72,NULL
309,"User 309",73,NULL
310,"User 310",74,NULL
311,"User 311",75,NULL
312,"User 312",76,NULL
313,"User 313",77,NULL
314,"User 314",78,NULL
315,"User 315",79,NULL
316,"User 316",1,NULL
317,"User 317",2,NULL
318,"User 318",3,NULL
319,"User 319",4,NULL
320,"User 320",5,NULL
321,"User 321",6,NULL
322,"User 322",7,NULL
323,"User 323",8,NULL
324,"User 324",9,NULL
325,"User 325",10,NULL
326,"User 326",11,NULL
327,"User 327",12,NULL
328,"User 328",13,NULL
329,"User 329",14,NULL
330,"User 330",15,NULL
331,"User 331",16,NULL
332,"User 332",17,NULL
333,"User 333",18,NULL
334,"User 334",19,NULL
335,"User 335",20,NULL
336,"User 336",21,NULL
337,"User 337",22,NULL
338,"User 338",23,NULL
339,"User 339",24,NULL
340,"User 340",25,NULL
341,"User 341",26,NULL
342,"User 342",27,NULL
343,"User 343",28,NULL
344,"User 344",29,NULL
345,"User 345",30,NULL
346,"User 346",31,NULL
347,"User 347",32,NULL
348,"User 348",33,NULL
349,"User 349",34,NULL
350,"User 350",35,NULL
351,"User 351",36,NULL
352,"User 352",37,NULL
353,"User 353",38,NULL
354,"User 354",39,NULL
355,"User 355",40,NULL
356,"User 356",41,NULL
357,"User 357",42,NULL
358,"User 358",43,NULL
359,"User 359",44,NULL
360,"User 360",45,NULL
361,"User 361",46,NULL
362,"User 362",47,NULL
363,"User 363",48,NULL
364,"User 364",49,NULL
365,"User 365",50,NULL
366,"User 366",51,NULL
367,"User 367",52,NULL
368,"User 368",53,NULL
369,"User 369",54,NULL
370,"User 370",55,NULL
371,"User 371",56,NULL
372,"User 372",57,NULL
373,"User 373",58,NULL
374,"User 374",59,NULL
375,"User 375",60,NULL
376,"User 376",61,NULL
377,"User 377",62,NULL
378,"User 378",63,NULL
379,"User 379",64,NULL
380,"User 380",65,NULL
381,"User 381",66,NULL
382,"User 382",67,NULL
383,"User 383",68,NULL
384,"User 384",69,NULL
385,"User 385",70,NULL
386,"User 386",71,NULL
387,"User 387",72,NULL
388,"User 388",73,NULL
389,"User 389",74,NULL
390,"User 390",75,NULL
391,"User 391",76,NULL
392,"User 392",77,NULL
393,"User 393",78,NULL
394,"User 394",79,NULL
395,"User 395",1,NULL
396,"User 396",2,NULL
397,"User 397",3,NULL
398,"User 398",4,NULL
399,"User 399",5,NULL
400,"User 400",6,NULL
401,"User 401",7,NULL
402,"User 402",8,NULL
403,"User 403",9,NULL
404,"User 404",10,NULL
405,"User 405",11,NULL
406,"User 406",12,NULL
407,"User 407",13,NULL
408,"User 408",14,NULL
409,"User 409",15,NULL
410,"User 410",16,NULL
411,"User 411",17,NULL
412,"User 412",18,NULL
413,"User 413",19,NULL
414,"User 414",20,NULL
415,"User 415",21,NULL
416,"User 416",22,NULL
417,"User 417",23,NULL
418,"User 418",24,NULL
419,"User 419",25,NULL
420,"User 420",26,NULL
421,"User 421",27,NULL
422,"User 422",28,NULL
423,"User 423",29,NULL
424,"User 424",30,NULL
425,"User 425",31,NULL
426,"User 426",32,NULL
427,"User 427",33,NULL
428,"User 428",34,NULL
429,"User 429",35,NULL
430,"User 430",36,NULL
431,"User 431",37,NULL
432,"User 432",38,NULL
433,"User 433",39,NULL
434,"User 434",40,NULL
435,"User 435",41,NULL
436,"User 436",42,NULL
437,"User 437",43,NULL
438,"User 438",44,NULL
439,"User 439",45,NULL
440,"User 440",46,NULL
441,"User 441",47,NULL
442,"User 442",48,NULL
443,"User 443",49,NULL
444,"User 444",50,NULL
445,"User 445",51,NULL
446,"User 446",52,NULL
447,"User 447",53,NULL
448,"User 448",54,NULL
449,"User 449",55,NULL
450,"User 450",56,NULL
451,"User 451",57,NULL
452,"User 452",58,NULL
453,"User 453",59,NULL
454,"User 454",60,NULL
455,"User 455",61,NULL
456,"User 456",62,NULL
457,"User 457",63,NULL
458,"User 458",64,NULL
459,"User 459",65,NULL
460,"User 460",66,NULL
461,"User 461",67,NULL
462,"User 462",68,NULL
463,"User 463",69,NULL
464,"User 464",70,NULL
465,"User 465",71,NULL
466,"User 466",72,NULL
467,"User 467",73,NULL
468,"User 468",74,NULL
469,"User 469",75,NULL
470,"User 470",76,NULL
471,"User 471",77,NULL
472,"User 472",78,NULL
473,"User 473",79,NULL
474,"User 474",1,NULL
475,"User 475",2,NULL
476,"User 476",3,NULL
477,"User 477",4,NULL
478,"User 478",5,NULL
479,"User 479",6,NULL
480,"User 480",7,NULL
481,"User 481",8,NULL
482,"User 482",9,NULL
483,"User 483",10,NULL
484,"User 484",11,NULL
485,"User 485",12,NULL
486,"User 486",13,NULL
487,"User 487",14,NULL
488,"User 488",15,NULL
489,"User 489",16,NULL
490,"User 490",17,NULL
491,"User 491",18,NULL
492,"User 492",19,NULL
493,"User 493",20,NULL
494,"User 494",21,NULL
495,"User 495",22,NULL
496,"User 496",23,NULL
497,"User 497",24,NULL
498,"User 498",25,NULL
499,"User 499",26,NULL
500,"User 500",27,NULL
501,"User 501",28,NULL
502,"User 502",29,NULL
503,"User 503",30,NULL
504,"User 504",31,NULL
505,"User 505",32,NULL
506,"User 506",33,NULL
507,"User 507",34,NULL
508,"User 508",35,NULL
509,"User 509",36,NULL
510,"User 510",37,NULL
511,"User 511",38,NULL
512,"User 512",39,NULL
513,"User 513",40,NULL
514,"User 514",41,NULL
515,"User 515",42,NULL
516,"User 516",43,NULL
517,"User 517",44,NULL
518,"User 518",45,NULL
519,"User 519",46,NULL
520,"User 520",47,NULL
521,"User 521",48,NULL
522,"User 522",49,NULL
523,"User 523",50,NULL
524,"User 524",51,NULL
525,"User 525",52,NULL
526,"User 526",53,NULL
527,"User 527",54,NULL
528,"User 528",55,NULL
529,"User 529",56,NULL
530,"User 530",57,NULL
531,"User 531",58,NULL
532,"User 532",59,NULL
533,"User 533",60,NULL
534,"User 534",61,NULL
535,"User 535",62,NULL
536,"User 536",63,NULL
537,"User 537",64,NULL
538,"User 538",65,NULL
539,"User 539",66,NULL
540,"User 540",67,NULL
541,"User 541",68,NULL
542,"User 542",69,NULL
543,"User 543",70,NULL
544,"User 544",71,NULL
545,"User 545",72,NULL
546,"User 546",73,NULL
547,"User 547",74,NULL
548,"User 548",75,NULL
549,"User 549",76,NULL
550,"User 550",77,NULL
551,"User 551",78,NULL
552,"User 552",79,NULL
553,"User 553",1,NULL
554,"User 554",2,NULL
555,"User 555",3,NULL
556,"User 556",4,NULL
557,"User 557",5,NULL
558,"User 558",6,NULL
559,"User 559",7,NULL
560,"User 560",8,NULL
561,"User 561",9,NULL
562,"User 562",10,NULL
563,"User 563",11,NULL
564,"User 564",12,NULL
565,"User 565",13,NULL
566,"User 566",14,NULL
567,"User 567",15,NULL
568,"User 568",16,NULL
569,"User 569",17,NULL
570,"User 570",18,NULL
571,"User 571",19,NULL
572,"User 572",20,NULL
573,"User 573",21,NULL
574,"User 574",22,NULL
575,"User 575",23,NULL
576,"User 576",24,NULL
577,"User 577",25,NULL
578,"User 578",26,NULL
579,"User 579",27,NULL
580,"User 580",28,NULL
581,"User 581",29,NULL
582,"User 582",30,NULL
583,"User 583",31,NULL
584,"User 584",32,NULL
585,"User 585",33,NULL
586,"User 586",34,NULL
587,"User 587",35,NULL
588,"User 588",36,NULL
589,"User 589",37,NULL
590,"User 590",38,NULL
591,"User 591",39,NULL
592,"User 592",40,NULL
593,"User 593",41,NULL
594,"User 594",42,NULL
595,"User 595",43,NULL
596,"User 596",44,NULL
597,"User 597",45,NULL
598,"User 598",46,NULL
599,"User 599",47,NULL
600,"User 600",48,NULL
601,"User 601",49,NULL
602,"User 602",50,NULL
603,"User 603",51,NULL
604,"User 604",52,NULL
605,"User 605",53,NULL
606,"User 606",54,NULL
607,"User 607",55,NULL
608,"User 608",56,NULL
609,"User 609",57,NULL
610,"User 610",58,NULL
611,"User 611",59,NULL
612,"User 612",60,NULL
613,"User 613",61,NULL
614,"User 614",62,NULL
615,"User 615",63,NULL
616,"User 616",64,NULL
617,"User 617",65,NULL
618,"User 618",66,NULL
619,"User 619",67,NULL
620,"User 620",68,NULL
621,"User 621",69,NULL
622,"User 622",70,NULL
623,"User 623",71,NULL
624,"User 624",72,NULL
625,"User 625",73,NULL
626,"User 626",74,NULL
627,"User 627",75,NULL
628,"User 628",76,NULL
629,"User 629",77,NULL
630,"User 630",78,NULL
631,"User 631",79,NULL
632,"User 632",1,NULL
633,"User 633",2,NULL
634,"User 634",3,NULL
635,"User 635",4,NULL
636,"User 636",5,NULL
637,"User 637",6,NULL
638,"User 638",7,NULL
639,"User 639",8,NULL
640,"User 640",9,NULL
641,"User 641",10,NULL
642,"User 642",11,NULL
643,"User 643",12,NULL
644,"User 644",13,NULL
645,"User 645",14,NULL
646,"User 646",15,NULL
647,"User 647",16,NULL
648,"User 648",17,NULL
649,"User 649",18,NULL
650,"User 650",19,NULL
651,"User 651",20,NULL
652,"User 652",21,NULL
653,"User 653",22,NULL
654,"User 654",23,NULL
655,"User 655",24,NULL
656,"User 656",25,NULL
657,"User 657",26,NULL
658,"User 658",27,NULL
659,"User 659",28,NULL
660,"User 660",29,NULL
661,"User 661",30,NULL
662,"User 662",31,NULL
663,"User 663",32,NULL
664,"User 664",33,NULL
665,"User 665",34,NULL
666,"User 666",35,NULL
667,"User 667",36,NULL
668,"User 668",37,NULL
669,"User 669",38,NULL
670,"User 670",39,NULL
671,"User 671",40,NULL
672,"User 672",41,NULL
673,"User 673",42,NULL
674,"User 674",43,NULL
675,"User 675",44,NULL
676,"User 676",45,NULL
677,"User 677",46,NULL
678,"User 678",47,NULL
679,"User 679",48,NULL
680,"User 680",49,NULL
681,"User 681",50,NULL
682,"User 682",51,NULL
683,"User 683",52,NULL
684,"User 684",53,NULL
685,"User 685",54,NULL
686,"User 686",55,NULL
687,"User 687",56,NULL
688,"User 688",57,NULL
689,"User 689",58,NULL
690,"User 690",59,NULL
691,"User 691",60,NULL
692,"User 692",61,NULL
693,"User 693",62,NULL
694,"User 694",63,NULL
695,"User 695",64,NULL
696,"User 696",65,NULL
697,"User 697",66,NULL
698,"User 698",67,NULL
699,"User 699",68,NULL
700,"User 700",69,NULL
701,"User 701",70,NULL
702,"User 702",71,NULL
703,"User 703",72,NULL
704,"User 704",73,NULL
705,"User 705",74,NULL
706,"User 706",75,NULL
707,"User 707",76,NULL
708,"User 708",77,NULL
709,"User 709",78,NULL
710,"User 710",79,NULL
711,"User 711",1,NULL
712,"User 712",2,NULL
713,"User 713",3,NULL
714,"User 714",4,NULL
715,"User 715",5,NULL
716,"User 716",6,NULL
717,"User 717",7,NULL
718,"User 718",8,NULL
719,"User 719",9,NULL
720,"User 720",10,NULL
721,"User 721",11,NULL
722,"User 722",12,NULL
723,"User 723",13,NULL
724,"User 724",14,NULL
725,"User 725",15,NULL
726,"User 726",16,NULL
727,"User 727",17,NULL
728,"User 728",18,NULL
729,"User 729",19,NULL
730,"User 730",20,NULL
731,"User 731",21,NULL
732,"User 732",22,NULL
733,"User 733",23,NULL
734,"User 734",24,NULL
735,"User 735",25,NULL
736,"User 736",26,NULL
737,"User 737",27,NULL
738,"User 738",28,NULL
739,"User 739",29,NULL
740,"User 740",30,NULL
741,"User 741",31,NULL
742,"User 742",32,NULL
743,"User 743",33,NULL
744,"User 744",34,NULL
745,"User 745",35,NULL
746,"User 746",36,NULL
747,"User 747",37,NULL
748,"User 748",38,NULL
749,"User 749",39,NULL
750,"User 750",40,NULL
751,"User 751",41,NULL
752,"User 752",42,NULL
753,"User 753",43,NULL
754,"User 754",44,NULL
755,"User 755",45,NULL
756,"User 756",46,NULL
757,"User 757",47,NULL
758,"User 758",48,NULL
759,"User 759",49,NULL
760,"User 760",50,NULL
761,"User 761",51,NULL
762,"User 762",52,NULL
763,"User 763",53,NULL
764,"User 764",54,NULL
765,"User 765",55,NULL
766,"User 766",56,NULL
767,"User 767",57,NULL
768,"User 768",58,NULL
769,"User 769",59,NULL
770,"User 770",60,NULL
771,"User 771",61,NULL
772,"User 772",62,NULL
773,"User 773",63,NULL
774,"User 774",64,NULL
775,"User 775",65,NULL
776,"User 776",66,NULL
777,"User 777",67,NULL
778,"User 778",68,NULL
779,"User 779",69,NULL
780,"User 780",70,NULL
781,"User 781",71,NULL
782,"User 782",72,NULL
783,"User 783",73,NULL
784,"User 784",74,NULL
785,"User 785",75,NULL
786,"User 786",76,NULL
787,"User 787",77,NULL
788,"User 788",78,NULL
789,"User 789",79,NULL
790,"User 790",1,NULL
791,"User 791",2,NULL
792,"User 792",3,NULL
793,"User 793",4,NULL
794,"User 794",5,NULL
795,"User 795",6,NULL
796,"User 796",7,NULL
797,"User 797",8,NULL
798,"User 798",9,NULL
799,"User 799",10,NULL
800,"User 800",11,NULL
801,"User 801",12,NULL
802,"User 802",13,NULL
803,"User 803",14,NULL
804,"User 804",15,NULL
805,"User 805",16,NULL
806,"User 806",17,NULL
807,"User 807",18,NULL
808,"User 808",19,NULL
809,"User 809",20,NULL
810,"User 810",21,NULL
811,"User 811",22,NULL
812,"User 812",23,NULL
813,"User 813",24,NULL
814,"User 814",25,NULL
815,"User 815",26,NULL
816,"User 816",27,NULL
817,"User 817",28,NULL
818,"User 818",29,NULL
819,"User 819",30,NULL
820,"User 820",31,NULL
821,"User 821",32,NULL
822,"User 822",33,NULL
823,"User 823",34,NULL
824,"User 824",35,NULL
825,"User 825",36,NULL
826,"User 826",37,NULL
827,"User 827",38,NULL
828,"User 828",39,NULL
829,"User 829",40,NULL
830,"User 830",41,NULL
831,"User 831",42,NULL
832,"User 832",43,NULL
833,"User 833",44,NULL
834,"User 834",45,NULL
835,"User 835",46,NULL
836,"User 836",47,NULL
837,"User 837",48,NULL
838,"User 838",49,NULL
839,"User 839",50,NULL
840,"User 840",51,NULL
841,"User 841",52,NULL
842,"User 842",53,NULL
843,"User 843",54,NULL
844,"User 844",55,NULL
845,"User 845",56,NULL
846,"User 846",57,NULL
847,"User 847",58,NULL
848,"User 848",59,NULL
849,"User 849",60,NULL
850,"User 850",61,NULL
851,"User 851",62,NULL
852,"User 852",63,NULL
853,"User 853",64,NULL
854,"User 854",65,NULL
855,"User 855",66,NULL
856,"User 856",67,NULL
857,"User 857",68,NULL
858,"User 858",69,NULL
859,"User 859",70,NULL
860,"User 860",71,NULL
861,"User 861",72,NULL
862,"User 862",73,NULL
863,"User 863",74,NULL
864,"User 864",75,NULL
865,"User 865",76,NULL
866,"User 866",77,NULL
867,"User 867",78,NULL
868,"User 868",79,NULL
869,"User 869",1,NULL
870,"User 870",2,NULL
871,"User 871",3,NULL
872,"User 872",4,NULL
873,"User 873",5,NULL
874,"User 874",6,NULL
875,"User 875",7,NULL
876,"User 876",8,NULL
877,"User 877",9,NULL
878,"User 878",10,NULL
879,"User 879",11,NULL
880,"User 880",12,NULL
881,"User 881",13,NULL
882,"User 882",14,NULL
883,"User 883",15,NULL
884,"User 884",16,NULL
885,"User 885",17,NULL
886,"User 886",18,NULL
887,"User 887",19,NULL
888,"User 888",20,NULL
889,"User 889",21,NULL
890,"User 890",22,NULL
891,"User 891",23,NULL
892,"User 892",24,NULL
893,"User 893",25,NULL
894,"User 894",26,NULL
895,"User 895",27,NULL
896,"User 896",28,NULL
897,"User 897",29,NULL
898,"User 898",30,NULL
899,"User 899",31,NULL
900,"User 900",32,NULL
901,"User 901",33,NULL
902,"User 902",34,NULL
903,"User 903",35,NULL
904,"User 904",36,NULL
905,"User 905",37,NULL
906,"User 906",38,NULL
907,"User 907",39,NULL
908,"User 908",40,NULL
909,"User 909",41,NULL
910,"User 910",42,NULL
911,"User 911",43,NULL
912,"User 912",44,NULL
913,"User 913",45,NULL
914,"User 914",46,NULL
915,"User 915",47,NULL
916,"User 916",48,NULL
917,"User 917",49,NULL
918,"User 918",50,NULL
919,"User 919",51,NULL
920,"User 920",52,NULL
921,"User 921",53,NULL
922,"User 922",54,NULL
923,"User 923",55,NULL
924,"User 924",56,NULL
925,"User 925",57,NULL
926,"User 926",58,NULL
927,"User 927",59,NULL
928,"User 928",60,NULL
929,"User 929",61,NULL
930,"User 930",62,NULL
931,"User 931",63,NULL
932,"User 932",64,NULL
933,"User 933",65,NULL
934,"User 934",66,NULL
935,"User 935",67,NULL
936,"User 936",68,NULL
937,"User 937",69,NULL
938,"User 938",70,NULL
939,"User 939",71,NULL
940,"User 940",72,NULL
941,"User 941",73,NULL
942,"User 942",74,NULL
943,"User 943",75,NULL
944,"User 944",76,NULL
945,"User 945",77,NULL
946,"User 946",78,NULL
947,"User 947",79,NULL
948,"User 948",1,NULL
949,"User 949",2,NULL
950,"User 950",3,NULL
951,"User 951",4,NULL
952,"User 952",5,NULL
953,"User 953",6,NULL
954,"User 954",7,NULL
955,"User 955",8,NULL
956,"User 956",9,NULL
957,"User 957",10,NULL
958,"User 958",11,NULL
959,"User 959",12,NULL
960,"User 960",13,NULL
961,"User 961",14,NULL
962,"User 962",15,NULL
963,"User 963",16,NULL
964,"User 964",17,NULL
965,"User 965",18,NULL
966,"User 966",19,NULL
967,"User 967",20,NULL
968,"User 968",21,NULL
969,"User 969",22,NULL
970,"User 970",23,NULL
971,"User 971",24,NULL
972,"User 972",25,NULL
973,"User 973",26,NULL
974,"User 974",27,NULL
975,"User 975",28,NULL
976,"User 976",29,NULL
977,"User 977",30,NULL
978,"User 978",31,NULL
979,"User 979",32,NULL
980,"User 980",33,NULL
981,"User 981",34,NULL
982,"User 982",35,NULL
983,"User 983",36,NULL
984,"User 984",37,NULL
985,"User 985",38,NULL
986,"User 986",39,NULL
987,"User 987",40,NULL
988,"User 988",41,NULL
989,"User 989",42,NULL
990,"User 990",43,NULL
991,"User 991",44,NULL
992,"User 992",45,NULL
993,"User 993",46,NULL
994,"User 994",47,NULL
995,"User 995",48,NULL
996,"User 996",49,NULL
997,"User 997",50,NULL
998,"User 998",51,NULL
999,"User 999",52,NULL
1000,"User 1000",53,NULL
